date,price,supply,capital,trade,wiki
2017-05-02,1452.0762875,16307212.5,23679316586.473595,86306466.16076525,17143
2017-05-03,1507.5768571428573,16308862.5,24586863671.325005,98768076.02241386,17277
2017-05-04,1508.292125,16310962.5,24601696289.92031,178681011.55674708,19238
2017-05-05,1533.3350714285714,16312575.0,25012643352.80893,136654833.4594339,16900
2017-05-06,1560.4102,16314675.0,25457585279.685,68907283.75413479,17793
2017-05-07,1535.8684285714285,16316762.5,25060400380.24821,62492472.18849168,17777
2017-05-08,1640.619225,16319012.5,26773285640.515312,139627613.28551883,19666
2017-05-09,1721.2849714285715,16320950.0,28093005954.43714,167512042.52841023,23935
2017-05-10,1762.88625,16322800.0,28775239681.5,131817395.91052718,24385
2017-05-11,1820.9905625,16324487.5,29726737675.149216,151505814.83102825,25185
2017-05-12,1720.4785,16326412.5,28089241688.38125,139214052.65164253,39626
2017-05-13,1771.9200125,16328387.5,28932596583.104843,111469417.308369,47817
2017-05-14,1776.3165,16330437.5,29008025583.46875,61547076.230614714,43113
2017-05-15,1723.1269375,16332562.5,28143078402.152344,102816017.7328264,91099
2017-05-16,1739.031975,16334212.5,28405717823.94469,108385267.36933565,88685
2017-05-17,1807.4850625,16336150.0,29527347103.759373,132248945.78021987,59979
2017-05-18,1899.0828875,16337925.0,31027073784.75844,110766531.51847771,45865
2017-05-19,1961.5204875,16339975.0,32051195727.737812,154137281.04762277,38662
2017-05-20,2052.9097875,16342037.5,33548728731.442036,136549462.17992795,33314
2017-05-21,2046.5344625,16343875.0,33448303438.292187,128454137.15352945,31659
2017-05-22,2090.6623125,16345700.0,34173338961.43125,295717901.86295235,70929
2017-05-23,2287.7102875,16347800.0,37399030237.9925,203482045.58008078,77232
2017-05-24,2379.1938333333333,16349725.0,38899164896.69583,248904779.14844665,70266
2017-05-25,2387.2062857142855,16351762.5,39035030222.50714,401279047.70303935,73348
2017-05-26,2211.976857142857,16353675.0,36173950629.23572,324426983.6410173,61597
2017-05-27,2014.0529625,16355775.0,32941397092.733437,321289966.61279124,41682
2017-05-28,2192.9808,16357837.5,35872423567.02,185870201.0672532,32640
2017-05-29,2275.9307,16359725.0,37233600371.057495,133826839.14723794,35534
2017-05-30,2239.2053428571426,16361962.5,36637793849.62821,148703191.10427397,35423
2017-05-31,2285.9339142857143,16364012.5,37407051147.54536,204425185.1255558,34254
2017-06-01,2399.2426714285716,16366137.5,39266335456.46732,198826825.00748628,31694
2017-06-02,2446.142414285714,16367962.5,40038367306.688034,122456001.78464411,28056
2017-06-03,2525.7651584699997,16370362.5,41347691234.02384,129006639.1283743,25776
2017-06-04,2516.173142857143,16372375.0,41195730259.78571,120095754.43380383,23455
2017-06-05,2698.3138125,16374425.0,44183337149.245316,168803116.2943173,28797
2017-06-06,2883.3136966371426,16376312.5,47218046131.66005,371264851.94856316,35757
2017-06-07,2664.9208625,16378375.0,43647073231.34844,205713695.0411865,33834
2017-06-08,2792.9991875,16380437.5,45750548628.39453,174094195.56920913,27396
2017-06-09,2827.4913,16382325.0,46320881411.2725,108367646.93500721,26320
2017-06-10,2845.3728571428574,16384087.5,46618837861.55357,154123952.09749928,23523
2017-06-11,2961.8296124999997,16385912.5,48532280870.3339,181774994.37694332,27303
2017-06-12,2657.6750625,16387750.0,43553314505.484375,393739719.8560203,35940
2017-06-13,2748.185085714286,16389512.5,45041413814.62786,204283558.77325466,32860
2017-06-14,2447.0415625,16391262.5,40110100599.34766,268520562.44632876,28795
2017-06-15,2442.48025,16393175.0,40040006172.293755,435834778.6454966,29145
2017-06-16,2464.9598142857144,16395025.0,40413077779.20965,195907758.54303885,28247
2017-06-17,2665.927,16396837.5,43712771805.8625,158849628.78788093,23079
2017-06-18,2507.389252144286,16398650.0,41117798759.675896,146939437.21946678,22615
2017-06-19,2617.2102625,16400537.5,42923655055.5161,146249310.0476668,25447
2017-06-20,2754.97825,16402262.5,45187876438.29063,204123502.96961603,28562
2017-06-21,2671.04325,16404012.5,43815826861.04063,208033200.75403142,32491
2017-06-22,2727.2880125,16405750.0,44743205311.07188,143429984.70501465,30385
2017-06-23,2710.4122857142856,16407750.0,44471767180.92857,91452068.35525821,25673
2017-06-24,2589.1648875,16409575.0,42487095408.79781,146373123.47503456,24171
2017-06-25,2512.3662857142854,16411100.0,41230694351.48571,135111001.58831695,22222
2017-06-26,2436.4510571428573,16412875.0,39989166644.50357,237329706.38785124,25687
2017-06-27,2517.9031142857143,16414512.5,41330152143.23179,239311708.3413396,35577
2017-06-28,2585.349185714286,16416475.0,42442320273.54893,157399624.66481197,45873
2017-06-29,2544.414475,16417975.0,41774133240.188126,107906654.0618434,34271
2017-06-30,2477.641375,16419900.0,40682623613.3625,103718383.04063688,26499
2017-07-01,2434.0778625,16421950.0,39972304954.08187,105511589.73927331,23015
2017-07-02,2501.191342857143,16424300.0,41080316972.48857,96748666.51122706,24879
2017-07-03,2561.225428571429,16426425.0,42071777410.52143,131455113.20711017,25546
2017-07-04,2599.7298375,16428337.5,42709239179.27016,130187106.93450896,25454
2017-07-05,2619.1875030042856,16430200.0,43033774511.861015,119861961.70348343,26835
2017-07-06,2609.96775,16431975.0,42886924818.806244,93522266.98794703,27578
2017-07-07,2491.201214285714,16433825.0,40939964795.358925,116912656.4443124,24291
2017-07-08,2562.1306624999997,16435887.5,42110891329.15047,91133549.9590164,21337
2017-07-09,2536.2389375,16437612.5,41689712862.03671,56620250.183561996,22075
2017-07-10,2366.1701428571428,16440075.0,38900014611.33214,163706108.82153362,26029
2017-07-11,2369.8621285714285,16442237.5,38965835960.22696,184411999.56184912,27965
2017-07-12,2385.7485714285717,16444450.0,39232323095.42857,153172924.85336658,27322
2017-07-13,2354.7834166666667,16446412.5,38727739418.65938,106346343.51029706,28320
2017-07-14,2190.947833333333,16448150.0,36037038604.84167,133121604.15202287,24585
2017-07-15,2058.9955999999997,16449737.5,33869937133.654995,205297978.82580423,20377
2017-07-16,1931.2143,16451775.0,31771903140.3825,152530374.28804657,20854
2017-07-17,2176.6234875,16453625.0,35813346629.51719,242313696.00736725,24527
2017-07-18,2320.12225,16455687.5,38179206707.796875,262461203.84922445,29243
2017-07-19,2264.7657,16457550.0,37272494746.034996,186988238.2237867,31101
2017-07-20,2898.1884166666664,16459575.0,47702949608.25625,281540460.6510425,32662
2017-07-21,2682.1953625,16461500.0,44152958959.793755,384806565.89971805,26503
2017-07-22,2807.609857142857,16463500.0,46223084883.07143,215642445.09162393,23406
2017-07-23,2725.549716666667,16465650.0,44877947692.232506,169964412.20341045,28733
2017-07-24,2751.821028571429,16467875.0,45316644720.88572,139976350.7537848,28648
2017-07-25,2560.9979166666667,16469725.0,42178931413.072914,288015952.52724457,26829
2017-07-26,2495.028585714286,16471562.5,41097019288.87946,176626997.82260647,27343
2017-07-27,2647.625,16473487.5,43615617342.1875,146490393.91523167,27907
2017-07-28,2781.636583333333,16475362.5,45828471053.678116,232077673.06113806,24242
2017-07-29,2722.512785714286,16477325.0,44859727986.86965,127294021.51886895,21545
2017-07-30,2745.955416666666,16479162.5,45251045529.0052,152859034.1212597,35070
2017-07-31,2866.431666666667,16480975.0,47241588637.54167,127009234.07663846,24947
2017-08-01,2710.4130666666665,16482837.5,44675298135.74333,214878001.37883702,53066
2017-08-02,2693.6339833333336,16484737.5,44403849136.32938,117440138.30737165,77020
2017-08-03,2794.117716666666,16486462.5,46065116956.410614,113131475.0368071,31439
2017-08-04,2873.8510833333335,16488700.0,47386068357.75834,106217903.3954463,24554
2017-08-05,3218.1150166666666,16490912.5,53069653154.78604,344352179.13661176,26393
2017-08-06,3252.5625333333332,16492662.5,53643416122.41167,122798187.41230571,26523
2017-08-07,3407.2268333333336,16494575.0,56200758544.42917,198345493.0300774,34664
2017-08-08,3457.374333333333,16496625.0,57035007861.625,241759565.088791,41798
2017-08-09,3357.326316666667,16498350.0,55390344636.57751,199170113.9757855,37017
2017-08-10,3424.4042000000004,16500025.0,56502754910.105,153824056.618621,34824
2017-08-11,3632.5066666666667,16501825.0,59942989324.666664,195208159.0426822,32144
2017-08-12,3852.8029142857145,16503512.5,63584781055.950714,332122906.1376139,29789
2017-08-13,4125.54802,16505362.5,68093665581.257256,381628414.1546703,38392
2017-08-14,4282.992,16506987.5,70699295406.6,168021272.43739656,52910
2017-08-15,4217.028328571429,16508887.5,69618446260.69875,592573698.1099374,48514
2017-08-16,4360.876871428572,16510512.5,72000312096.68233,341988374.47941643,41717
2017-08-17,4328.725716666667,16512750.0,71479165577.8875,351792037.6683817,38805
2017-08-18,4130.440066666667,16514612.5,68212617155.474174,373082615.7580361,38499
2017-08-19,4222.662214285714,16516500.0,69743600462.25,322665040.3965485,35335
2017-08-20,4157.958033333333,16518125.0,68681670539.354164,177654410.0991067,36346
2017-08-21,4043.722,16519562.5,66800518311.625,123200186.5123889,37991
2017-08-22,4082.180983333333,16520675.0,67440385316.830414,504190986.2284156,41910
2017-08-23,4174.95,16522662.5,68981289804.375,257486335.94864237,40176
2017-08-24,4340.316716666667,16523925.0,71719067902.44626,218844386.90985695,37747
2017-08-25,4363.05445,16525187.5,72100292858.95937,246665524.6292582,35538
2017-08-26,4360.5133166666665,16526500.0,72064023327.89166,139377309.63647735,31638
2017-08-27,4354.308333333333,16528437.5,71969913143.22917,112660557.88651253,29011
2017-08-28,4391.673516666667,16530050.0,72594582814.17583,209634566.49566853,32545
2017-08-29,4607.98545,16531912.5,76178812260.67313,317010671.8548901,35649
2017-08-30,4594.98785,16534012.5,75973586549.24814,202687613.63990694,37497
2017-08-31,4748.255,16536050.0,78517382092.75,220351499.90188968,40717
2017-09-01,4911.740016666667,16538225.0,81231461537.13708,338585244.3527807,37745
2017-09-02,4580.387479999999,16540275.0,75760868525.75699,440710136.09662324,34203
2017-09-03,4648.159983333334,16542200.0,76890792076.29668,308302328.0212997,33920
2017-09-04,4344.0983166666665,16544387.5,71870445889.03104,513527217.62500376,40423
2017-09-05,4488.72014,16546850.0,74274178848.559,467133132.4971322,40049
2017-09-06,4641.822016666666,16548875.0,76816932326.06458,384503428.8177615,39593
2017-09-07,4654.6585000000005,16551075.0,77039601932.88751,222544560.6030448,39771
2017-09-08,4310.750183333334,16553262.5,71356979356.6398,503768705.75522035,32450
2017-09-09,4375.55952,16555375.0,72439028688.42,117381164.67126147,29221
2017-09-10,4329.955,16557100.0,71691497930.5,331793077.94070375,29004
2017-09-11,4248.090016666666,16559275.0,70345290810.7379,250115590.4300298,31487
2017-09-12,4219.036616666667,16561625.0,69874102306.50209,311636501.2654974,36669
2017-09-13,3961.2712666666666,16564000.0,65614497261.066666,541722553.5428387,51285
2017-09-14,3319.6299999999997,16566175.0,54993571515.24999,736178849.3809645,46945
2017-09-15,3774.2652833333336,16568425.0,62533631277.012085,1267434715.9679632,45844
2017-09-16,3763.62604,16570537.5,62365306431.7965,474370445.6741123,35393
2017-09-17,3746.060783333333,16572737.5,62082482021.2277,249840870.73816603,33829
2017-09-18,4093.316666666667,16574325.0,67843960761.25001,425335356.12640965,39631
2017-09-19,3943.4133333333334,16576275.0,65367103852.0,349157038.32297957,38494
2017-09-20,3977.5616666666665,16577737.5,65938973200.0625,229919029.84766248,34188
2017-09-21,3658.8981833333332,16579937.5,60664303198.530205,385065464.59772885,31065
2017-09-22,3637.5025499999997,16581675.0,60315885095.77125,317303697.7252074,28590
2017-09-23,3776.3869,16583750.0,62626656252.875,179361985.99126774,22355
2017-09-24,3703.0406500000004,16585562.5,61417012140.61563,138592392.42948055,23710
2017-09-25,3942.5550000000003,16587125.0,65395652604.37501,284073950.9391744,26521
2017-09-26,3910.3073833333333,16588850.0,64867502636.00916,175299977.81306127,26945
2017-09-27,4202.554983333333,16590687.5,69723276430.05104,357673848.68951017,27887
2017-09-28,4201.98905,16592900.0,69723184107.745,275531143.16024274,26235
2017-09-29,4193.574666666666,16595012.5,69592424013.01666,289284083.40954936,25139
2017-09-30,4335.368316666667,16596737.5,71952969917.53354,222088521.6719822,21560
2017-10-01,4360.722966666667,16598362.5,72380860562.80876,171779832.26780057,23638
2017-10-02,4386.88375,16600237.5,72823312134.89062,250398347.64562908,26007
2017-10-03,4293.3066,16602525.0,71279730159.165,256471830.90792736,26996
2017-10-04,4225.175,16604200.0,70155650735.0,204003764.2335958,29069
2017-10-05,4338.852,16605762.5,72049945834.65,87904264.41542768,26853
2017-10-06,4345.6033333333335,16607750.0,72170693759.16667,205812106.35166645,24784
2017-10-07,4376.191666666667,16609725.0,72687340130.625,89524651.87038891,22487
2017-10-08,4602.280883333334,16612000.0,76453090033.93333,282133882.84246814,23976
2017-10-09,4777.967816666666,16614012.5,79381217030.69771,397258570.199554,28288
2017-10-10,4782.28,16616012.5,79462424258.5,347920434.56,29241
2017-10-11,4819.485766666667,16617750.0,80089009599.025,296445764.4234614,31418
2017-10-12,5325.130683333333,16619662.5,88501874725.39436,680358364.3266706,45338
2017-10-13,5563.806566666666,16621362.5,92478045824.44708,953598649.4834647,53804
2017-10-14,5739.438733333333,16623125.0,95407407494.04167,328701504.6636471,40825
2017-10-15,5647.311666666667,16625562.5,93889733071.14584,490476846.89475596,37131
2017-10-16,5711.205866666667,16627737.5,94964431959.39334,322723336.5566526,41339
2017-10-17,5603.71294,16629787.5,93188555403.20026,322503478.1204792,37203
2017-10-18,5546.176100000001,16631675.0,92242198387.96751,627801313.9179745,34385
2017-10-19,5727.6335,16633900.0,95272882875.65,376178013.95121515,34379
2017-10-20,5979.45984,16636137.5,99475116073.968,583507046.8574011,39782
2017-10-21,6020.371683333334,16638050.0,100167245085.88417,555571195.7118287,44661
2017-10-22,5983.184550000001,16640325.0,99562135446.97876,469066735.29201514,40331
2017-10-23,5876.079866666667,16642462.5,97792438828.005,633277065.0849246,46345
2017-10-24,5505.827766666666,16644550.0,91642025553.67166,628021830.3437077,43756
2017-10-25,5669.622533333334,16646862.5,94381426739.30168,446193087.80574757,40927
2017-10-26,5893.138416666666,16649112.5,98115524477.1552,450583865.77724534,39086
2017-10-27,5772.504983333333,16650412.5,96114589130.80562,402366481.7965357,36708
2017-10-28,5776.6969500000005,16651475.0,96190524845.50125,278764450.6401858,31082
2017-10-29,6155.43402,16653400.0,102508904908.668,572711007.5335968,33836
2017-10-30,6105.87422,16655237.5,101694785279.22725,144588378.86395484,42538
2017-10-31,6388.645166666666,16656962.5,106415422966.97292,454449998.2659176,48178
2017-11-01,6665.306683333333,16658325.0,111032844955.63875,630017228.4715976,56103
2017-11-02,7068.020100000001,16660787.5,117758780931.82877,1143999865.200707,74790
2017-11-03,7197.72006,16662275.0,119930391012.7365,374814688.9945792,64293
2017-11-04,7437.543316666666,16663900.0,123938478074.60165,563573963.1487608,49914
2017-11-05,7377.012366666667,16665662.5,122942798361.19292,568573468.1529733,48027
2017-11-06,6989.071666666667,16667325.0,116489128916.625,832822399.364463,51778
2017-11-07,7092.127233333333,16669275.0,118220619187.42249,533993339.4799873,51470
2017-11-08,7415.878250000001,16671075.0,123630662496.61876,1261823617.3145914,54912
2017-11-09,7158.03706,16672987.5,119345862425.91675,528018381.56556165,54591
2017-11-10,6719.39785,16674487.5,112042515457.35188,1128392930.682508,53492
2017-11-11,6362.851033333333,16675487.5,106103642870.71208,805734191.0403882,44339
2017-11-12,5716.301583333334,16676487.5,95327831900.68855,1601736904.2787657,45229
2017-11-13,6550.227533333334,16678237.5,109246250479.9725,1259093767.510772,54732
2017-11-14,6635.412633333333,16679837.5,110677604469.44708,597502689.3669903,50079
2017-11-15,7301.42992,16681737.5,121800537300.086,925948609.9534755,46140
2017-11-16,7815.0307,16683637.5,130383139250.17125,1167106378.1773658,49047
2017-11-17,7786.884366666666,16685725.0,129929811148.99916,1009820547.5464566,62242
2017-11-18,7817.1403833333325,16687425.0,130447943861.34624,541082170.8748473,48910
2017-11-19,8007.654066666667,16689425.0,133643141971.57834,541743546.8099738,44907
2017-11-20,8255.596816666666,16691612.5,137799223020.03354,546752953.4571438,58371
2017-11-21,8059.8,16693775.0,134548487745.0,1004515766.6482553,61690
2017-11-22,8268.035,16695312.5,138037428085.9375,494283581.3226505,53155
2017-11-23,8148.95,16697587.5,136067805658.125,425395614.83598435,47490
2017-11-24,8250.978333333334,16699450.0,137786800128.58334,644675714.7939754,45720
2017-11-25,8707.407266666667,16701400.0,145425891723.50668,677327101.0766498,44223
2017-11-26,9284.1438,16703312.5,155075955186.3375,183816238.4787574,65803
2017-11-27,9718.29505,16705437.5,162348370564.33438,1100089826.5007603,123516
2017-11-28,9952.50882,16707387.5,166280421452.90775,824886242.4418215,144286
2017-11-29,9879.328333333333,16709550.0,165079130752.25,3006736495.2808194,262289
2017-11-30,10147.372,16711637.5,169579202441.65,2130663923.372405,212459
2017-12-01,10883.912,16713925.0,181912888874.6,1589331512.9417427,167229
2017-12-02,11071.368333333332,16715937.5,185068301099.47916,965994254.3562113,111343
2017-12-03,11332.622,16718137.5,189460332831.525,592011274.2160677,107583
2017-12-04,11584.83,16720400.0,193702991532.0,1283672891.399018,161367
2017-12-05,11878.433333333334,16722625.0,198638586220.83334,999891969.54149,159921
2017-12-06,13540.980000000001,16724975.0,226472551975.50003,1982715220.4509902,179109
2017-12-07,16501.971666666668,16726862.5,276026211047.2292,4548758961.588786,331637
2017-12-08,16007.436666666666,16728825.0,267785606695.25,3800432531.580915,344686
2017-12-09,15142.834152123332,16731000.0,253354758199.17548,2195860926.731846,214245
2017-12-10,14869.805,16733050.0,248817190555.25,2539286892.7016764,189621
2017-12-11,16762.116666666665,16735187.5,280517165313.5416,2487997751.019463,242875
2017-12-12,17276.393333333333,16737137.5,289157370724.0833,1992977378.0013492,230521
2017-12-13,16808.366666666665,16739462.5,281363023502.9166,2027550684.5009563,201431
2017-12-14,16678.892,16741775.0,279234257113.3,610207126.6876411,163855
2017-12-15,17771.899999999998,16743887.5,297570694261.24994,2066395216.5763328,128830
2017-12-16,19498.683333333334,16746025.0,326525438567.0834,1636509991.671891,117337
2017-12-17,19289.785,16748337.5,323071829482.4375,1641066517.685792,124072
2017-12-18,18961.856666666667,16750612.5,317622713303.875,2021140821.0929716,137631
2017-12-19,17737.111666666668,16752362.5,297138524342.9792,2215330000.929072,156057
2017-12-20,16026.271666666667,16754062.5,268505157145.3125,2752775707.1146574,164499
2017-12-21,16047.51,16755712.5,268887463900.875,1989091729.4332354,141432
2017-12-22,15190.945,16757650.0,254564539479.25,5352015515.542298,164227
2017-12-23,15360.261666666667,16759387.5,257428577373.0625,1967536506.4005926,145737
2017-12-24,13949.175000000001,16761287.5,233806132562.81253,1798168177.648421,109871
2017-12-25,14119.028333333334,16762975.0,236676918975.95834,1134112808.2412252,116313
2017-12-26,15999.048333333332,16764750.0,268220045546.24997,1745062014.3506472,126930
2017-12-27,15589.321666666665,16766700.0,261381479588.49997,1619268857.168229,99195
2017-12-28,14380.581666666667,16768562.5,241141682463.85416,1883494461.4293745,92296
2017-12-29,14640.14,16770625.0,245524297887.5,1274049463.7163732,91724
2017-12-30,13215.573999999999,16772462.5,221657719330.97498,1728481566.8689675,83250
2017-12-31,14165.574999999999,16774500.0,237620437837.49997,1142728354.646587,67355
2018-01-01,13812.186666666666,16776450.0,231719459004.0,744866630.5094119,65416
2018-01-02,15005.856666666667,16778587.5,251777079094.125,1567582731.903526,85549
2018-01-03,15053.261666666665,16780550.0,252602010060.5833,1138506779.2035935,91452
2018-01-04,15199.355000000001,16782650.0,255085455190.75003,1371803859.924131,86342
2018-01-05,17174.12,16784437.5,288257943757.5,1764169571.11057,79232
2018-01-06,17319.198,16786537.5,290729366696.925,1024721001.2487963,79836
2018-01-07,16651.471666666668,16788562.5,279554272792.8125,946406884.7515358,79013
2018-01-08,15265.906666666668,16790637.5,256324304948.83334,1742246003.5464456,87562
2018-01-09,14714.253333333334,16792687.5,247091858022.5,1182426648.294293,91854
2018-01-10,15126.398333333333,16794762.5,254044267488.72916,1634548780.4014,99815
2018-01-11,13296.794,16797175.0,223348575756.95,1663185737.5560942,88028
2018-01-12,13912.882000000001,16799400.0,233728069870.80002,1014053986.1381412,75933
2018-01-13,14499.773333333333,16801262.5,243614497963.8333,740504186.9595935,65514
2018-01-14,13852.92,16803200.0,232773385344.0,804914641.6120825,57507
2018-01-15,14012.196,16805075.0,235476004694.7,758546178.5825682,63876
2018-01-16,11180.998333333331,16807062.5,187919737800.72913,2762626868.9217606,74029
2018-01-17,11116.946666666669,16809150.0,186866424062.00003,2926596198.2111597,89187
2018-01-18,11345.423333333332,16811312.5,190731457101.4583,1771113579.4696858,70655
2018-01-19,11422.44,16813375.0,192049767135.0,1064413369.5978014,58273
2018-01-20,12950.793333333333,16815600.0,217775360376.0,1097313787.3573146,50979
2018-01-21,11505.228,16817937.5,193494205427.25,436195518.92766696,47043
2018-01-22,10544.593333333332,16820025.0,177360323481.49997,1210203940.8799615,53460
2018-01-23,11223.064,16822237.5,188797048085.7,1305109027.9785473,48401
2018-01-24,11282.258333333333,16824437.5,189817650188.02084,921820890.74857,50792
2018-01-25,11214.44,16826412.5,188698793396.5,772706342.7640659,53599
2018-01-26,10969.815,16828350.0,184603886255.25,1135179206.750647,45074
2018-01-27,11524.776666666667,16830312.5,193965592792.70834,763094646.009555,39103
2018-01-28,11765.71,16832287.5,198043813361.625,738104166.8668789,39525
2018-01-29,11212.654999999999,16834137.5,188755376010.06247,611119735.3108903,41255
2018-01-30,10184.061666666666,16836225.0,171461153633.875,1266284116.12824,39961
2018-01-31,10125.013333333334,16837687.5,170481810440.0,933239777.885645,44012
2018-02-01,9083.258333333333,16839687.5,152959231815.10416,1509688358.173765,47413
2018-02-02,8901.901666666667,16841787.5,149923936215.89584,2213436748.092759,52986
2018-02-03,9076.678333333333,16843762.5,152885414135.5625,952403804.977636,44264
2018-02-04,8400.648333333333,16845987.5,141517216815.22916,1080682794.7357142,42910
2018-02-05,6838.816666666667,16848300.0,115222434845.0,1793319477.2540278,56614
2018-02-06,7685.633333333334,16850425.0,129506188060.83334,3094258118.1919785,57917
2018-02-07,8099.958333333333,16852187.5,136502016575.52083,1670287563.7429032,42782
2018-02-08,8240.536666666667,16853825.0,138884562886.08334,1336661910.5091228,40473
2018-02-09,8535.516666666668,16855512.5,143870507868.95837,1093134650.4219353,40043
2018-02-10,8319.876566184,16857300.0,140250655239.13354,918540174.4693165,33655
2018-02-11,8343.455,16859187.5,140663872242.8125,796391653.708568,33358
2018-02-12,8811.343333333332,16861262.5,148570372920.9583,836623674.3131925,42788
2018-02-13,8597.7675,16863312.5,144986840154.84375,188454378.60299003,37817
2018-02-14,9334.633333333333,16865550.0,157433725215.0,915165499.846264,34123
2018-02-15,9977.154,16867187.5,168286527234.375,1282426210.891208,36704
2018-02-16,10127.161666666667,16869150.0,170836609229.25,866501985.7084646,31048
2018-02-17,10841.991666666667,16871012.5,182915376933.22916,973554319.9083946,28385
2018-02-18,10503.298333333334,16873037.5,177222546652.02084,1377347061.4161527,26705
2018-02-19,11110.964999999998,16875062.5,187498228810.31247,1020588579.3383632,26856
2018-02-20,11390.391666666668,16876825.0,192233646839.7917,1258473015.5963838,38980
2018-02-21,10532.791666666666,16878937.5,177782332242.1875,1601103155.9094486,24746
2018-02-22,9931.071666666667,16880800.0,167644434590.66666,1395055528.707782,23720
2018-02-23,10162.116666666667,16882650.0,171563458942.5,1156539785.8885357,20187
2018-02-24,9697.956,16884462.5,163744774408.65,814952720.426771,18489
2018-02-25,9696.593333333332,16886600.0,163742492982.66666,619244270.7229553,23615
2018-02-26,10348.603333333334,16888362.5,174770964462.0417,982054724.8043953,24751
2018-02-27,10763.883333333333,16890362.5,181805891407.70834,820239742.1576885,27708
2018-02-28,10370.164999999999,16892300.0,175175938229.49997,871257587.9600855,23812
2018-03-01,11009.381666666668,16894362.5,185996484777.52084,790675903.7454846,19703
2018-03-02,11055.815,16896312.5,186802505182.1875,673860238.90624,28651
2018-03-03,11326.948333333334,16898562.5,191409144345.1042,663520514.0089278,17645
2018-03-04,11430.181666666665,16900412.5,193174785116.60416,542742758.5116323,17668
2018-03-05,11595.54,16902275.0,195991005853.5,652061173.890632,18631
2018-03-06,10763.198333333334,16904225.0,181943526346.2917,969993576.7318369,31665
2018-03-07,10118.058,16906187.5,171057785683.875,1355596866.815812,25862
2018-03-08,9429.111666666666,16908212.5,159429423746.22916,1231498466.0360353,18247
2018-03-09,9089.278333333334,16910037.5,153700037464.6042,1735625689.9003196,18272
2018-03-10,8746.002,16911787.5,147910527298.575,870115563.806644,15591
2018-03-11,9761.396666666666,16913700.0,165101334800.99997,1205268901.9546967,20093
2018-03-12,9182.843333333332,16915712.5,155334337759.2083,1145556674.728174,21664
2018-03-13,9154.699999999999,16917687.5,154876353756.24997,1013634517.5790632,20618
2018-03-14,8151.531666666667,16919487.5,137919738140.02084,1157902505.0164309,18965
2018-03-15,8358.121666666666,16921287.5,141430179681.6458,1315209565.0947168,19632
2018-03-16,8530.402,16923237.5,144362019016.475,771954415.4188056,17650
2018-03-17,7993.674643641666,16925100.0,135293742711.09956,711706325.7031032,14444
2018-03-18,8171.415,16926987.5,138317439562.3125,1270330308.3404047,16792
2018-03-19,8412.033333333333,16928925.0,142406681397.5,1183523625.1592457,28645
2018-03-20,8986.948333333334,16930512.5,152153641094.3542,968836842.5813378,22021
2018-03-21,8947.753333333334,16932412.5,151507050388.25,770717053.190813,26294
2018-03-22,8690.408333333333,16934200.0,147165112798.3333,826892556.9047964,32044
2018-03-23,8686.826666666666,16935862.5,147118901988.0,734259108.9042656,26204
2018-03-24,8662.378333333334,16937812.5,146721740014.0625,638996171.2272326,14517
2018-03-25,8617.296666666667,16939500.0,145972696885.0,497976127.7519874,12644
2018-03-26,8197.548333333334,16941375.0,138877740395.625,898113449.0403993,25896
2018-03-27,7876.195,16943275.0,133448537838.625,706985634.7361835,20067
2018-03-28,7960.38,16944962.5,134888340585.75,526257701.60659367,25001
2018-03-29,7172.28,16946862.5,121547642971.5,1093751115.3311026,17879
2018-03-30,6882.531666666667,16948887.5,116651254933.52083,1352337905.1215136,18396
2018-03-31,6935.48,16950487.5,117559767046.5,754226245.4255953,12176
2018-04-01,6794.105,16952512.5,115177149938.8125,722273399.9422678,13807
2018-04-02,7035.848333333332,16954462.5,119289026723.18748,607508836.2282234,18749
2018-04-03,7410.435,16956500.0,125655041077.5,750173781.591549,18075
2018-04-04,6787.761666666666,16958337.5,115109153212.89583,678823367.2390053,20736
2018-04-05,6826.509999999999,16960287.5,115779572221.62498,609341543.7440615,20691
2018-04-06,6603.876666666667,16962012.5,112015038568.45834,462008926.0509123,18699
2018-04-07,6927.688,16964262.5,117523117750.1,182056053.35506067,17621
2018-04-08,7017.656666666667,16966275.0,119063492862.25,326416046.9776088,17800
2018-04-09,6699.2733333333335,16968112.5,113674023588.25,753187037.3023131,14955
2018-04-10,6787.571666666667,16970162.5,115186194163.72917,315236593.3233505,18262
2018-04-11,6926.266666666666,16972175.0,117553809963.33333,307821267.9258925,14757
2018-04-12,7847.845,16974100.0,133210105814.5,1299643867.9862459,16972
2018-04-13,7895.408333333333,16976162.5,134033734870.52083,926851085.0818262,15121
2018-04-14,8036.511051408333,16977875.0,136442880066.92924,436167916.73280394,12104
2018-04-15,8340.748333333333,16979912.5,141625176884.5208,463617555.31277305,12138
2018-04-16,8043.803333333333,16981675.0,136597253970.58333,573360855.0441558,15892
2018-04-17,7895.416925956,16983700.0,134093392445.35892,394991691.10931724,17430
2018-04-18,8164.937425765001,16985700.0,138687177632.81656,464196480.7572402,16359
2018-04-19,8254.625,16987925.0,140228950403.125,464912252.67378193,15434
2018-04-20,8852.718333333332,16989637.5,150404475372.93747,794298021.3600045,15265
2018-04-21,8807.205,16991625.0,149648724658.125,651772735.957254,15777
2018-04-22,8838.548333333334,16993625.0,150198975921.0417,465733651.16133994,20387
2018-04-23,8933.861666666666,16995537.5,151835780975.6458,450699812.6496822,26439
2018-04-24,9555.542,16997525.0,162420564033.55,1018367445.3468827,21433
2018-04-25,8995.506666666666,16999062.5,152915180045.8333,1422424550.9066591,18712
2018-04-26,9258.398333333333,17000825.0,157400409845.29166,844331716.0751168,19884
2018-04-27,9010.32,17002600.0,153198866832.0,585397247.860827,13783
2018-04-28,9326.173333333334,17004200.0,158584116594.6667,715447010.8945911,10957
2018-04-29,9334.281666666668,17006175.0,158740427522.62503,462929664.3529466,11142
2018-04-30,9259.57,17008112.5,157487808261.625,418094847.7244384,13297
2018-05-01,9075.136666666667,17010087.5,154368868774.45834,527697023.85466576,13367
